"Reference","Value","Datasheet","Footprint","Qty","DNP","VTPN"
"BT1","HLC1520-3P","~","Battery:HLC1520-3P","1","","4200-00020-00"
"C1,C2,C3","33p","~","Capacitor_SMD:C_0603_1608Metric","3","","4106-00040-00"
"C4,C7,C8","100n","~","-- mixed values --","3","","4106-00020-00"
"C5,C6","TAJD477K006RNJ","~","Capacitor_Tantalum_SMD:CP_EIA-7361-38_AVX-V_Pad2.18x3.30mm_HandSolder","2","","4128-00100-00"
"C9,C10","33p","~","Capacitor_SMD:C_0603_1608Metric_Pad1.05x0.95mm_HandSolder","2","DNP","4106-00040-00"
"C11,C12","10p","~","Capacitor_SMD:C_0603_1608Metric_Pad1.05x0.95mm_HandSolder","2","","4106-00010-00"
"C13,C14","DNP","~","Capacitor_SMD:C_0603_1608Metric","2","DNP","4006-00000-00"
"D1","SMF05C.TCT","","Diode_SMD:SC70-6","1","","4724-00010-00"
"FID1,FID2,FID3,FID4","Fiducial","~","Fiducial:Fiducial_1mm_Mask2mm","4","","4000-00000-00"
"H1","MountingHole","~","MountingHole:MountingHole_2.5mm  Simpla","1","","4000-00000-00"
"J2","Conn_02x05_Counter_Clockwise","~","Connector_PinHeader_2.54mm:PinHeader_2x05_P2.54mm_Vertical_SMD_MOD","1","","4402-00020-00"
"J3","Conn_02x08_Counter_Clockwise","~","Connector_PinHeader_2.54mm:PinHeader_2x08_P2.54mm_Vertical_SMD_MOD","1","","4402-00030-00"
"J4,J5,J6","Conn_01x01_Male","~","TestPoint:TestPoint_Pad_5.1x5.1mm","3","","4753-00010-00"
"J11","78646-3001","","Connector_Molex:MOLEX_78646-3001","1","","4414-00020-00"
"J12","CONUFL001-SMD-T","~","Connector_Coaxial:U.FL_Molex_MCRF_73412-0110_Vertical","1","","4416-00010-00"
"Q1,Q3,Q8","DTC143TKAT146","","Package_TO_SOT_SMD:SOT-23","3","","4500-00020-00"
"Q2","AO4459","https://www.onsemi.com/pub/Collateral/FDS9435A-D.PDF","Package_SO:SOIC-8_3.9x4.9mm_P1.27mm","1","","4530-00010-00"
"R1","15k","~","Resistor_SMD:R_0603_1608Metric","1","","4006-00160-00"
"R2,R3","4k7","~","Resistor_SMD:R_0603_1608Metric","2","","4006-00150-00"
"R4","0","~","Resistor_SMD:R_0603_1608Metric","1","","4006-00001-00"
"TP1","Eticheta","~","Symbol:EtichetaDubla","1","","4000-00000-00"
"U1","BG95","1.1","BG95:XCVR_BG95M3LA-64-SGNS","1","","4716-00010-00"
"U2","TXB0104RUT","http://www.ti.com/lit/ds/symlink/txb0104.pdf","Package_DFN_QFN:Texas_R_PUQFN-N12","1","","4702-00010-00"
